{
  "0.01": {
    "MAE": 0.0061459290981292726,
    "RMSE": 0.01047921135828708,
    "mean_RMSD": 0.007163904581722447,
    "n": 200
  },
  "0.02": {
    "MAE": 0.01927953362464905,
    "RMSE": 0.027002937460880318,
    "mean_RMSD": 0.014533573927998715,
    "n": 200
  },
  "0.05": {
    "MAE": 0.038262437582015994,
    "RMSE": 0.04237044612367059,
    "mean_RMSD": 0.036430083356269155,
    "n": 200
  },
  "0.1": {
    "MAE": 0.039646382927894595,
    "RMSE": 0.050827582910782876,
    "mean_RMSD": 0.07132913400316808,
    "n": 200
  }
}