m,type,n,mean,median,p10,p90,max
0.01,resid,200,0.8047048313245984,0.6116503139806464,0.10147253417824205,1.4489222104690116,5.656980479154381
0.01,total,200,6.292592325965952,5.356316902698432,1.093262032232211,12.073474650112816,19.039826648713692
0.02,resid,200,1.3132644138128347,0.6964029268586445,0.11147820447058802,3.3781805572907477,5.529712952427033
0.02,total,200,5.362435797426177,4.724193019454711,1.0856580432369929,10.52378576963035,15.726808908131126
0.05,resid,200,1.0782057734402315,1.0925044435560385,0.37301170092197355,1.74120690675146,2.491148045993555
0.05,total,200,5.673604566848075,5.012522347899992,0.7652218654989659,11.436643312567721,17.984519870081527
0.1,resid,200,0.5730397968394639,0.5300207156906988,0.11675521077337186,1.0358098771446107,2.67228517227835
0.1,total,200,6.400186923309677,5.640510053558004,1.2251228664226481,12.492316373156179,18.527201380037106
