{
  "0.01": {
    "resid": {
      "n": 200,
      "mean": 0.8047048313245984,
      "median": 0.6116503139806464,
      "p10": 0.10147253417824205,
      "p90": 1.4489222104690116,
      "max": 5.656980479154381
    },
    "total": {
      "n": 200,
      "mean": 6.292592325965952,
      "median": 5.356316902698432,
      "p10": 1.093262032232211,
      "p90": 12.073474650112816,
      "max": 19.039826648713692
    }
  },
  "0.02": {
    "resid": {
      "n": 200,
      "mean": 1.3132644138128347,
      "median": 0.6964029268586445,
      "p10": 0.11147820447058802,
      "p90": 3.3781805572907477,
      "max": 5.529712952427033
    },
    "total": {
      "n": 200,
      "mean": 5.362435797426177,
      "median": 4.724193019454711,
      "p10": 1.0856580432369929,
      "p90": 10.52378576963035,
      "max": 15.726808908131126
    }
  },
  "0.05": {
    "resid": {
      "n": 200,
      "mean": 1.0782057734402315,
      "median": 1.0925044435560385,
      "p10": 0.37301170092197355,
      "p90": 1.74120690675146,
      "max": 2.491148045993555
    },
    "total": {
      "n": 200,
      "mean": 5.673604566848075,
      "median": 5.012522347899992,
      "p10": 0.7652218654989659,
      "p90": 11.436643312567721,
      "max": 17.984519870081527
    }
  },
  "0.1": {
    "resid": {
      "n": 200,
      "mean": 0.5730397968394639,
      "median": 0.5300207156906988,
      "p10": 0.11675521077337186,
      "p90": 1.0358098771446107,
      "max": 2.67228517227835
    },
    "total": {
      "n": 200,
      "mean": 6.400186923309677,
      "median": 5.640510053558004,
      "p10": 1.2251228664226481,
      "p90": 12.492316373156179,
      "max": 18.527201380037106
    }
  }
}